account_id,name,balance,next_account_id
NEXT_ID,,,51
1,John Doe,1000.00,
2,Jane Smith,500.00,
3,John Doe,1000.00,
4,Jane Smith,500.00,
5,John Doe,1000.00,
6,Jane Smith,500.00,
7,John Doe,1000.00,
8,Jane Smith,500.00,
9,John Doe,1000.00,
10,Jane Smith,500.00,
11,Alice,1000.00,
12,Bob,500.00,
13,Alice,1000.00,
14,Bob,500.00,
15,Alice,1000.00,
16,Bob,500.00,
17,Alice,1000.00,
18,Bob,500.00,
19,Alice,1000.00,
20,Bob,500.00,
21,ExactBalance,300.00,
22,TestUser,500.00,
23,Bob,500.00,
24,Alice,1000.00,
25,Bob,500.00,
26,Alice,1000.00,
27,TestUser,500.00,
28,Alice,1000.00,
29,Bob,1000.00,
30,Alice,1000.00,
31,Bob,1000.00,
32,Charlie,1000.00,
33,Alice,1000.00,
34,Bob,1000.00,
35,Alice,1000.00,
36,Bob,1000.00,
37,Alice,1000.00,
38,Bob,1000.00,
39,Charlie,1000.00,
40,Dave,1000.00,
41,Alice,1000.00,
42,Bob,500.00,
43,John Doe,1000.00,
44,John Doe,1000.00,
45,John Doe,500.00,
46,John Doe,1000.00,
47,Jane Smith,500.00,
48,John Doe,1000.00,
49,Jane Smith,500.00,
50,John Doe,1000.00,
